article,cost,category,sub_category,age_group,gender,season,color_1,color_2,sustainably_produced
00001,70.06,Jackets,leather,teen,woman,None,beige,white,yes
00002,28.67,Accessories,bags,teen,woman,Fall-Winter,purple,grey,no
00003,31.06,Legwear,skirts,adult,woman,Spring-Summer,black,grey,no
00004,34.13,Shoes,sneakers,None,man,Fall-Winter,blue,red,no
00005,53.85,Jackets,denim,adult,man,Spring-Summer,white,black,yes
00006,43.5,Shoes,boots,child,man,Fall-Winter,grey,white,no
00007,9.58,Tops,blouses,teen,unisex,Fall-Winter,red,orange,no
00008,13.86,Legwear,shorts,teen,man,Fall-Winter,pink,grey,no
00009,39.81,Shoes,sneakers,child,man,Fall-Winter,blue,pink,no
00010,37.85,Legwear,jeans,teen,woman,Fall-Winter,grey,white,no
00011,33.98,Shoes,boots,None,man,Spring-Summer,beige,yellow,no
00012,37.9,Shoes,boots,child,man,Spring-Summer,black,orange,no
00013,54.83,Shoes,heels,child,woman,Spring-Summer,blue,white,yes
00014,33.58,Legwear,skirts,teen,woman,Spring-Summer,pink,grey,yes
00015,49.01,Full Body,dresses,teen,woman,Fall-Winter,black,purple,yes
00016,48.37,Jackets,leather,adult,woman,Fall-Winter,grey,pink,no
00017,27.73,Legwear,trousers,child,man,Spring-Summer,grey,grey,yes
00018,13.26,Tops,blouses,adult,man,Fall-Winter,brown,red,no
00019,42.08,Jackets,bomber,child,woman,Spring-Summer,black,black,no
00020,11.79,Tops,blouses,teen,man,Fall-Winter,grey,grey,no
00021,16.55,Legwear,shorts,None,woman,Spring-Summer,green,red,no
00022,23.53,Legwear,shorts,adult,man,Fall-Winter,green,purple,yes
00023,24.08,Accessories,scarves,adult,woman,Fall-Winter,white,yellow,no
00024,10.03,Tops,blouses,teen,man,Spring-Summer,white,grey,no
00025,41.33,Shoes,boots,teen,woman,Fall-Winter,white,pink,no
00026,59.38,Shoes,boots,child,woman,Spring-Summer,yellow,grey,yes
00027,26.63,Shoes,sandals,child,woman,None,white,red,no
00028,21.72,Legwear,shorts,teen,woman,Spring-Summer,grey,purple,yes
00029,23.29,Legwear,skirts,teen,woman,Spring-Summer,red,white,no
00030,44.91,Shoes,sneakers,teen,woman,Fall-Winter,pink,yellow,no
00031,24.3,Legwear,trousers,teen,woman,Fall-Winter,grey,blue,no
00032,31.51,Legwear,shorts,adult,man,None,pink,black,yes
00033,34.59,Accessories,bags,teen,man,Fall-Winter,pink,red,yes
00034,18.98,Legwear,skirts,teen,man,Fall-Winter,white,white,no
00035,13.88,Tops,blouses,child,woman,None,grey,grey,no
00036,14.26,Accessories,hats,teen,woman,Fall-Winter,grey,grey,no
00037,16.3,Accessories,belts,child,woman,Fall-Winter,black,grey,yes
00038,37.04,Legwear,jeans,teen,unisex,Spring-Summer,white,brown,yes
00039,25.56,Legwear,trousers,adult,man,Fall-Winter,black,black,yes
00040,17.09,Tops,shirts,teen,woman,Spring-Summer,purple,yellow,yes
00041,27.18,Accessories,bags,child,woman,Spring-Summer,yellow,grey,no
00042,33.96,Legwear,skirts,teen,woman,Fall-Winter,beige,None,yes
00043,50.33,Shoes,heels,child,woman,None,white,orange,no
00044,38.96,Shoes,sandals,adult,man,Fall-Winter,black,brown,no
00045,28.49,Shoes,sandals,None,man,Spring-Summer,red,black,no
00046,19.94,Tops,hoodies,adult,man,Spring-Summer,white,beige,yes
00047,13.7,Tops,shirts,teen,man,Fall-Winter,blue,red,no
00048,23.48,Accessories,bags,child,man,Spring-Summer,black,black,no
00049,27.74,Shoes,sandals,child,woman,None,brown,grey,no
00050,41.01,Shoes,sneakers,teen,man,Fall-Winter,orange,green,yes
00051,14.27,Legwear,shorts,child,woman,Spring-Summer,purple,black,no
00052,29.63,Jackets,windbreaker,child,man,Spring-Summer,green,red,no
00053,21.97,Shoes,sandals,adult,woman,Spring-Summer,yellow,green,no
00054,37.34,Shoes,sandals,teen,woman,None,black,green,no
00055,45.81,Shoes,sneakers,child,woman,Spring-Summer,grey,black,no
00056,9.27,Tops,t-shirts,child,man,Fall-Winter,grey,white,yes
00057,16.44,Legwear,shorts,adult,woman,Spring-Summer,grey,black,no
00058,16.13,Tops,shirts,teen,woman,Fall-Winter,purple,black,no
00059,22.67,Tops,sweaters,adult,man,Fall-Winter,grey,white,no
00060,25.76,Accessories,scarves,teen,unisex,Fall-Winter,grey,red,no
00061,43.67,Shoes,sneakers,teen,unisex,Fall-Winter,black,blue,no
00062,30.03,Legwear,jeans,adult,man,Fall-Winter,blue,orange,no
00063,25.87,Shoes,heels,teen,unisex,Fall-Winter,grey,white,no
00064,20.58,Legwear,skirts,adult,woman,Fall-Winter,grey,white,no
00065,19.78,Shoes,sandals,adult,man,Fall-Winter,white,white,no
00066,22.45,Legwear,skirts,None,woman,Fall-Winter,white,red,no
00067,22.62,Legwear,skirts,adult,woman,Fall-Winter,black,pink,yes
00068,15.43,Tops,sweaters,adult,man,Spring-Summer,black,grey,no
00069,77.97,Shoes,boots,teen,woman,Spring-Summer,black,none,yes
00070,25.34,Shoes,sandals,teen,man,Fall-Winter,black,green,no
00071,19.7,Legwear,skirts,None,man,Spring-Summer,brown,grey,no
00072,25.11,Legwear,skirts,teen,man,Spring-Summer,black,blue,yes
00073,27.95,Shoes,sneakers,None,man,Fall-Winter,black,beige,yes
00074,39.85,Shoes,sneakers,child,unisex,None,grey,white,yes
00075,36.18,Jackets,raincoat,adult,unisex,Fall-Winter,white,none,no
00076,20.01,Legwear,trousers,teen,man,Fall-Winter,grey,white,no
00077,15.55,Tops,sweaters,adult,man,Spring-Summer,green,red,no
00078,15.82,Tops,hoodies,teen,woman,Fall-Winter,beige,white,no
00079,18.96,Tops,shirts,teen,man,Spring-Summer,red,white,yes
00080,9.54,Tops,t-shirts,teen,woman,Fall-Winter,red,brown,no
00081,28.46,Shoes,sandals,child,woman,None,white,grey,no
00082,34.83,Shoes,sneakers,adult,man,None,black,pink,yes
00083,10.45,Tops,t-shirts,adult,woman,Spring-Summer,white,purple,no
00084,20.41,Legwear,jeans,None,unisex,Spring-Summer,white,grey,no
00085,14.3,Tops,sweaters,None,woman,Spring-Summer,red,purple,no
00086,20.76,Tops,sweaters,child,man,None,white,yellow,no
00087,19.86,Accessories,belts,adult,woman,Fall-Winter,beige,purple,yes
00088,18.98,Shoes,sandals,teen,man,Spring-Summer,purple,None,no
00089,38.38,Jackets,raincoat,teen,man,Fall-Winter,grey,white,yes
00090,11.56,Tops,hoodies,child,man,Fall-Winter,white,black,no
00091,12.46,Tops,polos,teen,woman,Fall-Winter,black,None,no
00092,17.64,Tops,hoodies,adult,unisex,Spring-Summer,purple,black,no
00093,52.42,Jackets,puffer,adult,woman,Fall-Winter,yellow,white,no
00094,32.65,Accessories,bags,teen,unisex,Spring-Summer,black,black,no
00095,25.88,Shoes,sandals,teen,woman,Fall-Winter,grey,yellow,no
00096,26.98,Shoes,sandals,child,woman,Spring-Summer,brown,red,no
00097,46.37,Jackets,windbreaker,adult,woman,None,black,yellow,no
00098,20.85,Tops,polos,adult,woman,Spring-Summer,black,white,yes
00099,36.7,Shoes,sneakers,teen,woman,None,white,white,no
00100,33.65,Legwear,jeans,child,woman,Fall-Winter,grey,beige,no
00101,25.44,Legwear,trousers,adult,woman,Spring-Summer,white,none,no
00102,25.34,Shoes,sandals,adult,man,None,grey,black,no
00103,22.34,Legwear,skirts,adult,woman,Spring-Summer,beige,white,no
00104,69.92,Jackets,leather,adult,woman,Fall-Winter,pink,None,no
00105,18.83,Tops,sweaters,child,man,Fall-Winter,grey,yellow,no
00106,21.98,Legwear,shorts,adult,woman,Fall-Winter,black,white,no
00107,55.31,Jackets,leather,teen,woman,Fall-Winter,beige,white,no
00108,60.64,Shoes,heels,teen,woman,Fall-Winter,blue,white,no
00109,7.74,Tops,t-shirts,adult,man,Spring-Summer,yellow,brown,no
00110,21.67,Tops,sweaters,adult,man,Fall-Winter,yellow,yellow,yes
00111,16.56,Tops,blouses,teen,man,Spring-Summer,black,grey,yes
00112,45.54,Legwear,jeans,teen,woman,Fall-Winter,black,beige,yes
00113,44.15,Shoes,boots,child,man,Spring-Summer,white,None,no
00114,25.76,Shoes,sneakers,teen,woman,Fall-Winter,black,None,no
00115,28.72,Legwear,jeans,teen,man,Spring-Summer,white,grey,no
00116,25.29,Legwear,trousers,adult,unisex,Spring-Summer,white,white,yes
00117,7.95,Tops,t-shirts,adult,man,Spring-Summer,beige,orange,yes
00118,11.06,Tops,polos,teen,man,Spring-Summer,black,black,no
00119,41.59,Shoes,sneakers,teen,man,Fall-Winter,black,beige,no
00120,74.06,Jackets,leather,adult,woman,None,grey,pink,yes
00121,15.88,Tops,shirts,teen,man,Spring-Summer,red,brown,yes
00122,69.24,Jackets,puffer,adult,man,Fall-Winter,red,none,no
00123,30.26,Full Body,suits,child,unisex,Fall-Winter,grey,red,no
00124,20.22,Accessories,belts,teen,woman,Spring-Summer,red,black,yes
00125,27.06,Shoes,sneakers,teen,man,Spring-Summer,orange,black,no
00126,59.64,Full Body,dresses,adult,woman,Fall-Winter,red,black,no
00127,57.83,Shoes,boots,teen,woman,Fall-Winter,grey,orange,no
00128,15.64,Tops,shirts,teen,man,Fall-Winter,grey,brown,yes
00129,43.71,Shoes,boots,teen,unisex,Spring-Summer,grey,white,yes
00130,22.53,Tops,sweaters,teen,woman,Spring-Summer,brown,orange,no
00131,20.83,Legwear,jeans,teen,man,None,red,black,no
00132,33.03,Shoes,boots,teen,woman,Fall-Winter,white,grey,no
00133,30.83,Shoes,sandals,adult,unisex,Fall-Winter,grey,blue,no
00134,12.9,Tops,polos,adult,man,Fall-Winter,grey,green,no
00135,31.09,Shoes,sandals,teen,woman,Spring-Summer,black,black,yes
00136,21.69,Tops,sweaters,adult,man,Fall-Winter,purple,None,yes
00137,66.05,Shoes,sneakers,adult,woman,Spring-Summer,white,purple,yes
00138,40.61,Shoes,boots,adult,man,Fall-Winter,black,brown,no
00139,33.64,Shoes,boots,teen,woman,Fall-Winter,brown,black,no
00140,9.61,Tops,blouses,None,woman,Fall-Winter,white,white,no
00141,39.48,Jackets,denim,teen,man,Spring-Summer,beige,black,yes
00142,9.28,Tops,blouses,None,unisex,Fall-Winter,grey,grey,no
00143,24.97,Legwear,trousers,adult,man,Spring-Summer,grey,blue,yes
00144,16.73,Tops,sweaters,child,man,Spring-Summer,black,purple,no
00145,20.93,Jackets,denim,child,man,None,purple,grey,no
00146,47.68,Shoes,boots,child,man,Spring-Summer,green,black,yes
00147,8.83,Tops,t-shirts,teen,man,Fall-Winter,pink,green,no
00148,43.72,Accessories,bags,adult,man,Spring-Summer,black,red,yes
00149,27.15,Jackets,denim,teen,man,None,grey,red,no
00150,12.79,Tops,t-shirts,adult,woman,Spring-Summer,white,None,no
00151,45.91,Jackets,leather,teen,unisex,Spring-Summer,red,black,no
00152,23.54,Shoes,sandals,adult,man,Spring-Summer,black,black,no
00153,69.37,Shoes,boots,adult,woman,Fall-Winter,purple,black,no
00154,35.84,Legwear,jeans,adult,woman,Fall-Winter,red,red,no
00155,18.39,Tops,blouses,child,woman,Fall-Winter,grey,black,yes
00156,36.02,Shoes,sandals,teen,woman,Fall-Winter,yellow,brown,no
00157,41.01,Jackets,windbreaker,adult,man,Fall-Winter,beige,black,yes
00158,51.09,Shoes,sneakers,teen,woman,Spring-Summer,black,orange,yes
00159,23.16,Shoes,sandals,adult,woman,Fall-Winter,black,black,yes
00160,32.98,Full Body,dresses,teen,woman,Spring-Summer,black,green,no
00161,8.14,Tops,t-shirts,None,man,Spring-Summer,red,yellow,no
00162,18.14,Tops,shirts,teen,woman,Spring-Summer,white,grey,no
00163,29.45,Shoes,boots,adult,man,Fall-Winter,brown,blue,no
00164,15.24,Tops,blouses,teen,woman,Spring-Summer,brown,brown,no
00165,37.58,Legwear,shorts,adult,woman,Spring-Summer,grey,black,yes
00166,11.62,Tops,blouses,adult,woman,Spring-Summer,beige,green,no
00167,33.07,Shoes,sandals,teen,man,Fall-Winter,white,white,no
00168,20.75,Legwear,skirts,teen,woman,Spring-Summer,blue,grey,no
00169,50.65,Shoes,sneakers,adult,woman,Fall-Winter,white,black,no
00170,25.09,Jackets,raincoat,teen,man,Spring-Summer,red,green,no
00171,20.23,Legwear,shorts,adult,woman,Spring-Summer,blue,beige,no
00172,28.13,Shoes,sandals,child,woman,Spring-Summer,black,orange,no
00173,17.31,Full Body,dresses,teen,woman,Spring-Summer,red,blue,no
00174,17.19,Tops,hoodies,child,man,Spring-Summer,grey,white,no
00175,18.73,Tops,hoodies,child,woman,Fall-Winter,black,red,no
00176,12.63,Tops,hoodies,adult,unisex,Fall-Winter,yellow,blue,no
00177,46.13,Shoes,boots,adult,man,Spring-Summer,black,red,no
00178,36.99,Shoes,heels,adult,woman,Fall-Winter,white,white,no
00179,18.29,Tops,shirts,adult,woman,Fall-Winter,black,red,no
00180,5.81,Tops,t-shirts,teen,man,Fall-Winter,black,grey,no
00181,8.08,Tops,t-shirts,adult,woman,Fall-Winter,black,blue,no
00182,53.31,Shoes,heels,teen,woman,Fall-Winter,grey,white,no
00183,13.29,Tops,t-shirts,adult,woman,Spring-Summer,blue,brown,no
00184,43.25,Full Body,dresses,adult,woman,Fall-Winter,white,white,no
00185,44.76,Jackets,leather,adult,woman,None,brown,white,yes
00186,7.81,Tops,t-shirts,teen,unisex,Fall-Winter,purple,None,no
00187,19.65,Tops,shirts,adult,woman,Fall-Winter,grey,black,no
00188,37.39,Shoes,boots,adult,man,Fall-Winter,pink,None,no
00189,76.74,Jackets,puffer,teen,woman,Fall-Winter,white,red,yes
00190,14.8,Tops,blouses,teen,unisex,Spring-Summer,black,black,no
00191,33.51,Jackets,bomber,None,man,Fall-Winter,grey,grey,no
00192,26.92,Legwear,skirts,teen,woman,None,black,black,no
00193,51.44,Shoes,sneakers,adult,woman,Spring-Summer,grey,black,yes
00194,12.98,Tops,shirts,teen,woman,Spring-Summer,white,grey,no
00195,12.94,Tops,t-shirts,teen,woman,Spring-Summer,grey,black,yes
00196,16.29,Legwear,trousers,adult,man,Fall-Winter,white,black,no
00197,29.1,Legwear,skirts,teen,woman,None,blue,white,no
00198,82.38,Shoes,heels,teen,woman,Spring-Summer,yellow,yellow,yes
00199,18.03,Accessories,hats,child,man,Fall-Winter,pink,red,no
00200,37.0,Shoes,sneakers,teen,man,Spring-Summer,beige,brown,no
00201,30.38,Shoes,boots,None,man,Fall-Winter,brown,none,no
00202,9.75,Tops,shirts,child,unisex,Spring-Summer,brown,red,no
00203,36.16,Shoes,sandals,adult,man,Spring-Summer,white,blue,no
00204,22.44,Accessories,scarves,child,man,Spring-Summer,grey,black,no
00205,18.78,Tops,hoodies,child,woman,Fall-Winter,purple,black,yes
00206,26.0,Full Body,suits,adult,man,Fall-Winter,blue,grey,yes
00207,26.8,Legwear,skirts,adult,man,None,black,black,no
00208,26.28,Legwear,skirts,teen,woman,None,green,yellow,no
00209,13.85,Tops,blouses,child,woman,Spring-Summer,black,red,no
00210,38.14,Tops,sweaters,teen,woman,Spring-Summer,grey,white,yes
00211,10.87,Accessories,belts,None,man,Spring-Summer,white,purple,no
00212,16.24,Legwear,trousers,child,man,Fall-Winter,red,red,no
00213,28.35,Jackets,windbreaker,child,man,None,red,red,no
00214,18.07,Accessories,hats,adult,woman,Spring-Summer,brown,beige,no
00215,37.75,Shoes,boots,teen,man,None,black,beige,no
00216,7.57,Tops,t-shirts,teen,man,Spring-Summer,blue,white,yes
00217,42.6,Shoes,sneakers,teen,woman,Spring-Summer,black,black,no
00218,13.62,Tops,shirts,child,woman,Fall-Winter,white,white,no
00219,17.78,Accessories,scarves,None,man,Fall-Winter,beige,black,no
00220,13.45,Tops,blouses,child,woman,Fall-Winter,orange,white,no
00221,68.36,Jackets,puffer,adult,man,Spring-Summer,grey,green,no
00222,42.28,Jackets,bomber,child,woman,Fall-Winter,white,white,no
00223,12.45,Tops,t-shirts,teen,woman,Fall-Winter,white,grey,no
00224,24.35,Legwear,skirts,child,woman,Fall-Winter,white,None,no
00225,36.75,Jackets,denim,adult,man,Fall-Winter,red,black,no
00226,12.85,Tops,t-shirts,adult,woman,Fall-Winter,purple,red,yes
00227,10.67,Accessories,hats,child,unisex,None,white,black,no
00228,25.47,Legwear,trousers,adult,woman,Spring-Summer,black,black,no
00229,27.6,Shoes,sandals,child,woman,Fall-Winter,white,grey,no
00230,40.91,Shoes,sneakers,child,woman,None,purple,red,yes
00231,20.59,Legwear,skirts,child,woman,Spring-Summer,beige,pink,no
00232,11.12,Full Body,dresses,teen,woman,Spring-Summer,purple,black,no
00233,38.72,Jackets,leather,adult,man,Fall-Winter,black,orange,no
00234,57.13,Full Body,suits,adult,man,Fall-Winter,grey,None,no
00235,23.85,Tops,sweaters,adult,woman,Spring-Summer,white,yellow,no
00236,30.09,Legwear,trousers,adult,woman,Spring-Summer,blue,pink,no
00237,18.56,Legwear,shorts,teen,man,None,red,red,no
00238,14.43,Accessories,hats,teen,man,Spring-Summer,white,blue,no
00239,13.78,Tops,hoodies,adult,woman,Fall-Winter,black,red,no
00240,9.66,Tops,t-shirts,adult,man,Spring-Summer,white,brown,no
00241,46.38,Jackets,raincoat,teen,woman,Fall-Winter,grey,green,no
00242,30.1,Jackets,windbreaker,teen,man,Spring-Summer,black,blue,no
00243,22.34,Full Body,dresses,None,woman,None,brown,orange,no
00244,21.88,Legwear,shorts,teen,woman,None,red,white,no
00245,82.11,Shoes,heels,teen,unisex,Fall-Winter,black,beige,yes
00246,16.75,Legwear,shorts,None,man,None,brown,pink,no
00247,36.85,Shoes,sneakers,adult,unisex,Fall-Winter,orange,none,no
00248,49.27,Shoes,heels,child,woman,Spring-Summer,purple,beige,no
00249,20.56,Legwear,skirts,adult,man,Spring-Summer,white,white,yes
00250,18.96,Tops,sweaters,adult,woman,Fall-Winter,brown,white,no
00251,17.88,Tops,shirts,teen,man,None,black,white,yes
00252,46.97,Full Body,dresses,teen,woman,Fall-Winter,black,green,no
00253,13.67,Tops,polos,adult,woman,Fall-Winter,red,black,no
00254,10.3,Tops,polos,adult,man,Spring-Summer,pink,black,no
00255,37.83,Jackets,leather,teen,man,Spring-Summer,red,beige,no
00256,19.05,Legwear,shorts,adult,unisex,Spring-Summer,purple,black,yes
00257,17.21,Tops,hoodies,adult,man,Fall-Winter,grey,black,no
00258,46.84,Jackets,raincoat,child,unisex,Spring-Summer,black,blue,no
00259,27.25,Legwear,jeans,teen,man,None,red,white,no
00260,43.16,Jackets,raincoat,adult,man,Spring-Summer,white,white,yes
00261,12.55,Tops,sweaters,teen,woman,Fall-Winter,grey,orange,no
00262,43.65,Shoes,heels,teen,unisex,Fall-Winter,black,red,no
00263,30.14,Shoes,boots,teen,woman,Fall-Winter,green,blue,yes
00264,20.15,Legwear,trousers,teen,woman,Fall-Winter,black,purple,no
00265,71.68,Shoes,sneakers,adult,woman,Spring-Summer,purple,black,yes
00266,30.1,Legwear,jeans,adult,woman,Spring-Summer,black,black,no
00267,28.91,Legwear,jeans,adult,woman,Fall-Winter,brown,white,no
00268,32.42,Legwear,jeans,teen,woman,Fall-Winter,white,white,no
00269,16.23,Tops,polos,None,unisex,Spring-Summer,beige,pink,yes
00270,11.99,Legwear,shorts,None,man,Fall-Winter,orange,brown,no
00271,49.92,Jackets,bomber,adult,woman,Fall-Winter,blue,white,yes
00272,36.25,Shoes,sandals,adult,man,None,grey,green,no
00273,19.61,Legwear,skirts,child,woman,Spring-Summer,blue,grey,no
00274,11.55,Accessories,hats,child,woman,Spring-Summer,blue,white,no
00275,41.8,Shoes,boots,adult,woman,Fall-Winter,red,purple,yes
00276,23.51,Legwear,skirts,child,man,Spring-Summer,white,red,no
00277,16.78,Legwear,shorts,teen,man,Fall-Winter,blue,white,no
00278,27.22,Shoes,sneakers,teen,woman,Spring-Summer,black,white,no
00279,37.79,Shoes,boots,child,man,Spring-Summer,grey,black,no
00280,18.83,Legwear,trousers,child,man,Spring-Summer,white,red,no
00281,32.09,Shoes,sneakers,adult,man,None,black,white,yes
00282,26.2,Legwear,jeans,teen,woman,Fall-Winter,grey,grey,no
00283,37.32,Full Body,dresses,adult,woman,Spring-Summer,white,red,yes
00284,41.78,Shoes,boots,teen,woman,Spring-Summer,white,none,yes
00285,16.82,Tops,sweaters,child,man,Spring-Summer,white,white,no
00286,18.83,Legwear,shorts,teen,man,Fall-Winter,purple,black,no
00287,38.91,Jackets,raincoat,child,man,Spring-Summer,white,purple,no
00288,53.7,Shoes,sneakers,teen,woman,Fall-Winter,grey,grey,yes
00289,27.03,Shoes,sneakers,adult,man,Fall-Winter,black,black,no
00290,16.7,Tops,polos,child,woman,Fall-Winter,black,red,no
00291,23.05,Legwear,jeans,teen,man,Spring-Summer,grey,red,no
00292,12.09,Accessories,belts,None,woman,None,purple,grey,no
00293,23.89,Legwear,skirts,teen,woman,Spring-Summer,white,brown,no
00294,18.37,Full Body,dresses,adult,unisex,Fall-Winter,white,red,no
00295,10.29,Tops,t-shirts,teen,woman,Spring-Summer,red,black,no
00296,16.1,Legwear,skirts,teen,man,Fall-Winter,white,grey,no
00297,27.63,Shoes,sandals,child,man,Fall-Winter,red,yellow,no
00298,15.11,Tops,hoodies,adult,man,None,white,black,no
00299,14.75,Tops,t-shirts,child,woman,Fall-Winter,black,black,yes
00300,8.56,Tops,t-shirts,teen,man,Spring-Summer,red,white,no
00301,17.42,Tops,hoodies,adult,woman,Spring-Summer,white,None,no
00302,19.0,Tops,sweaters,None,woman,Fall-Winter,beige,red,no
00303,13.53,Accessories,hats,child,woman,Fall-Winter,white,None,no
00304,37.02,Shoes,sandals,teen,man,None,pink,white,no
00305,12.3,Tops,t-shirts,teen,woman,Spring-Summer,black,blue,yes
00306,21.22,Shoes,sneakers,child,man,Fall-Winter,black,grey,no
00307,21.97,Shoes,sandals,teen,woman,Spring-Summer,black,green,no
00308,29.55,Shoes,boots,None,man,Fall-Winter,black,orange,yes
00309,15.64,Tops,blouses,None,man,Fall-Winter,grey,pink,yes
00310,40.26,Jackets,puffer,adult,man,Spring-Summer,orange,None,no
00311,28.31,Jackets,denim,teen,man,Fall-Winter,white,orange,no
00312,29.92,Legwear,skirts,teen,woman,None,yellow,None,no
00313,14.99,Tops,blouses,adult,man,Fall-Winter,red,black,no
00314,26.79,Accessories,bags,None,man,Fall-Winter,black,brown,no
00315,31.86,Shoes,boots,teen,woman,None,red,purple,no
00316,62.54,Shoes,heels,teen,woman,Spring-Summer,white,white,no
00317,26.23,Legwear,skirts,adult,woman,Fall-Winter,black,green,no
00318,8.18,Tops,t-shirts,teen,man,Spring-Summer,yellow,white,no
00319,13.06,Tops,t-shirts,teen,woman,None,red,pink,no
00320,9.12,Tops,polos,teen,unisex,Spring-Summer,white,blue,no
00321,57.73,Jackets,bomber,adult,woman,Fall-Winter,red,blue,yes
00322,30.09,Shoes,boots,teen,man,Spring-Summer,blue,yellow,no
00323,14.36,Tops,polos,teen,man,Spring-Summer,black,purple,yes
00324,13.13,Tops,hoodies,child,woman,Fall-Winter,white,white,no
00325,54.24,Shoes,boots,child,woman,None,green,white,yes
00326,22.22,Legwear,skirts,adult,man,Fall-Winter,green,white,no
00327,61.93,Jackets,puffer,adult,woman,Spring-Summer,white,red,no
00328,46.36,Shoes,sneakers,teen,woman,Fall-Winter,pink,black,no
00329,22.99,Shoes,sneakers,teen,woman,Spring-Summer,white,blue,no
00330,21.87,Legwear,jeans,teen,woman,Fall-Winter,black,blue,no
00331,33.62,Shoes,boots,teen,man,Spring-Summer,beige,black,no
00332,31.84,Full Body,suits,adult,man,Fall-Winter,purple,red,no
00333,44.29,Shoes,sandals,child,man,Spring-Summer,black,None,no
00334,18.37,Tops,blouses,teen,woman,Spring-Summer,grey,beige,yes
00335,20.38,Accessories,bags,adult,man,Spring-Summer,white,white,no
00336,39.4,Shoes,heels,child,woman,Fall-Winter,black,grey,no
00337,15.39,Legwear,trousers,child,man,Fall-Winter,brown,black,no
00338,18.6,Legwear,trousers,child,man,Spring-Summer,purple,red,no
00339,20.12,Legwear,skirts,child,woman,None,red,yellow,no
00340,28.61,Legwear,skirts,adult,woman,Fall-Winter,black,black,no
00341,55.56,Shoes,heels,teen,woman,Fall-Winter,red,grey,no
00342,59.52,Jackets,leather,adult,man,None,green,purple,yes
00343,25.51,Shoes,sneakers,teen,man,Spring-Summer,white,beige,no
00344,25.91,Tops,sweaters,teen,woman,Spring-Summer,black,blue,no
00345,20.9,Legwear,trousers,adult,woman,Spring-Summer,brown,green,no
00346,49.43,Shoes,heels,adult,woman,Spring-Summer,white,green,no
00347,15.11,Accessories,belts,teen,man,None,grey,white,no
00348,10.29,Tops,blouses,child,man,Spring-Summer,green,None,no
00349,16.43,Tops,shirts,teen,man,None,blue,black,no
00350,16.43,Tops,shirts,adult,man,Fall-Winter,grey,black,no
00351,27.15,Accessories,scarves,None,woman,Fall-Winter,purple,grey,no
00352,28.46,Legwear,trousers,adult,man,Fall-Winter,black,grey,no
00353,57.03,Shoes,heels,teen,unisex,Spring-Summer,grey,beige,no
00354,20.96,Tops,sweaters,adult,man,Spring-Summer,grey,black,no
00355,41.06,Accessories,bags,None,woman,Spring-Summer,grey,black,yes
00356,42.57,Legwear,jeans,teen,unisex,Spring-Summer,blue,grey,yes
00357,20.6,Tops,sweaters,teen,unisex,Spring-Summer,black,orange,yes
00358,18.3,Legwear,trousers,adult,man,Spring-Summer,black,green,no
00359,30.3,Accessories,scarves,teen,man,Fall-Winter,black,None,no
00360,40.32,Shoes,boots,adult,man,Fall-Winter,blue,red,no
00361,30.54,Jackets,raincoat,teen,man,Spring-Summer,orange,black,no
00362,70.84,Shoes,boots,teen,woman,None,brown,orange,yes
00363,25.46,Accessories,bags,teen,woman,Spring-Summer,orange,grey,no
00364,18.1,Legwear,skirts,None,man,Spring-Summer,red,purple,yes
00365,66.9,Shoes,heels,adult,woman,Fall-Winter,black,black,no
00366,21.27,Legwear,shorts,child,woman,None,grey,red,no
00367,34.55,Jackets,denim,adult,man,None,black,white,no
00368,45.74,Jackets,raincoat,teen,man,Spring-Summer,black,purple,no
00369,22.23,Legwear,trousers,child,man,Spring-Summer,grey,none,yes
00370,55.7,Shoes,boots,child,woman,None,blue,blue,no
00371,20.29,Tops,t-shirts,adult,woman,Fall-Winter,grey,blue,yes
00372,33.46,Shoes,sandals,child,man,Fall-Winter,blue,yellow,no
00373,31.58,Shoes,sneakers,child,man,Fall-Winter,black,white,no
00374,74.45,Jackets,leather,teen,man,Spring-Summer,pink,brown,yes
00375,56.62,Shoes,sneakers,teen,woman,Spring-Summer,white,grey,no
00376,17.05,Tops,hoodies,child,man,Spring-Summer,grey,yellow,yes
00377,13.02,Tops,polos,None,woman,Spring-Summer,black,black,no
00378,25.77,Legwear,trousers,teen,woman,Fall-Winter,red,black,yes
00379,30.38,Shoes,sandals,child,man,Fall-Winter,grey,white,no
00380,30.35,Legwear,jeans,None,man,None,grey,white,no
00381,40.16,Shoes,sneakers,adult,woman,Fall-Winter,black,black,no
00382,15.42,Legwear,skirts,None,man,Fall-Winter,red,black,no
00383,15.62,Tops,polos,teen,man,Spring-Summer,grey,black,no
00384,59.14,Shoes,boots,teen,woman,Fall-Winter,grey,none,yes
00385,21.51,Jackets,denim,teen,man,None,black,none,no
00386,16.35,Full Body,suits,child,man,Spring-Summer,white,beige,no
00387,24.52,Legwear,skirts,child,woman,Fall-Winter,black,white,yes
00388,35.85,Jackets,raincoat,None,woman,Spring-Summer,green,black,no
00389,9.7,Tops,polos,adult,man,Spring-Summer,pink,white,no
00390,39.42,Shoes,sneakers,child,woman,Fall-Winter,black,black,no
00391,13.03,Tops,blouses,child,man,Spring-Summer,pink,green,no
00392,11.66,Tops,polos,child,unisex,Fall-Winter,black,grey,no
00393,70.37,Jackets,puffer,teen,man,Spring-Summer,white,beige,yes
00394,15.23,Tops,shirts,child,man,None,brown,black,yes
00395,41.59,Shoes,sneakers,child,woman,Spring-Summer,purple,black,no
00396,28.43,Legwear,shorts,adult,woman,Spring-Summer,pink,brown,no
00397,17.22,Tops,shirts,teen,man,Spring-Summer,grey,None,no
00398,19.81,Tops,sweaters,teen,man,Fall-Winter,black,grey,no
00399,22.86,Legwear,trousers,adult,man,Spring-Summer,brown,green,no
00400,27.28,Jackets,raincoat,teen,man,Spring-Summer,black,white,no
00401,25.54,Accessories,bags,teen,man,None,red,white,no
00402,15.11,Legwear,trousers,teen,unisex,None,black,orange,no
00403,8.58,Tops,t-shirts,child,man,Spring-Summer,grey,pink,no
00404,9.41,Tops,t-shirts,teen,unisex,Spring-Summer,purple,grey,no
00405,15.82,Tops,hoodies,child,woman,Spring-Summer,red,None,no
00406,13.25,Tops,shirts,None,woman,Fall-Winter,grey,white,yes
00407,17.66,Tops,polos,adult,woman,None,grey,orange,yes
00408,22.78,Jackets,raincoat,child,unisex,Fall-Winter,red,yellow,no
00409,20.14,Legwear,shorts,teen,man,Fall-Winter,red,green,yes
00410,36.0,Jackets,denim,adult,man,Spring-Summer,grey,black,no
00411,21.96,Legwear,trousers,teen,woman,Fall-Winter,blue,black,no
00412,46.46,Jackets,windbreaker,child,woman,Fall-Winter,pink,white,no
00413,22.34,Legwear,skirts,teen,man,Fall-Winter,black,white,yes
00414,10.9,Tops,t-shirts,teen,woman,Fall-Winter,pink,None,no
00415,34.26,Shoes,sneakers,adult,man,Fall-Winter,yellow,grey,no
00416,35.41,Shoes,boots,None,man,Spring-Summer,red,blue,no
00417,13.62,Tops,polos,None,man,Spring-Summer,red,purple,yes
00418,16.56,Legwear,shorts,adult,man,None,red,green,no
00419,24.51,Legwear,shorts,adult,unisex,Fall-Winter,red,pink,yes
00420,35.02,Shoes,sneakers,child,man,Fall-Winter,black,purple,no
00421,38.19,Shoes,boots,teen,woman,None,white,pink,yes
00422,51.38,Jackets,puffer,adult,woman,Fall-Winter,white,green,no
00423,12.3,Tops,polos,child,woman,Spring-Summer,brown,none,no
00424,39.48,Jackets,leather,None,woman,Fall-Winter,white,yellow,no
00425,8.71,Tops,t-shirts,adult,man,Fall-Winter,grey,beige,no
00426,10.61,Tops,polos,teen,man,Fall-Winter,black,purple,no
00427,28.26,Shoes,boots,None,man,Spring-Summer,beige,black,no
00428,22.01,Legwear,shorts,teen,man,None,green,black,no
00429,26.49,Accessories,belts,teen,woman,Spring-Summer,pink,black,no
00430,22.93,Accessories,hats,adult,woman,Spring-Summer,orange,black,no
00431,13.75,Legwear,shorts,child,man,Fall-Winter,orange,white,yes
00432,37.93,Accessories,bags,None,woman,Spring-Summer,grey,black,yes
00433,8.47,Tops,t-shirts,teen,unisex,None,black,white,no
00434,22.94,Shoes,sandals,None,man,Spring-Summer,white,pink,no
00435,8.08,Tops,t-shirts,teen,woman,Spring-Summer,black,grey,no
00436,24.09,Legwear,shorts,teen,woman,Spring-Summer,green,white,no
00437,40.17,Jackets,denim,teen,man,Fall-Winter,white,black,yes
00438,21.05,Legwear,jeans,teen,man,Spring-Summer,blue,purple,no
00439,26.15,Shoes,sandals,None,man,Spring-Summer,grey,none,yes
00440,16.95,Shoes,sandals,None,unisex,Spring-Summer,grey,None,no
00441,52.05,Shoes,boots,child,man,Fall-Winter,white,brown,yes
00442,36.05,Shoes,sneakers,teen,woman,Spring-Summer,black,white,no
00443,17.41,Tops,polos,teen,woman,Fall-Winter,black,grey,no
00444,13.73,Accessories,hats,None,man,Spring-Summer,black,red,no
00445,37.78,Shoes,sneakers,teen,woman,Spring-Summer,beige,none,no
00446,28.22,Shoes,boots,None,unisex,None,white,green,no
00447,26.64,Tops,sweaters,teen,woman,Fall-Winter,white,black,no
00448,33.08,Shoes,sandals,teen,woman,Fall-Winter,grey,pink,no
00449,41.5,Jackets,puffer,adult,man,Spring-Summer,blue,black,no
00450,24.18,Legwear,trousers,teen,man,Fall-Winter,white,blue,yes
00451,31.18,Shoes,heels,None,woman,Fall-Winter,white,red,no
00452,16.78,Legwear,shorts,None,man,Fall-Winter,blue,grey,yes
00453,44.23,Accessories,bags,child,woman,Spring-Summer,pink,black,yes
00454,11.09,Accessories,belts,None,woman,Fall-Winter,black,white,no
00455,28.38,Legwear,jeans,teen,woman,None,white,grey,no
00456,17.43,Legwear,shorts,adult,woman,Fall-Winter,red,red,no
00457,10.38,Tops,blouses,child,woman,Spring-Summer,black,yellow,no
00458,27.1,Accessories,scarves,adult,woman,Spring-Summer,orange,red,no
00459,34.18,Shoes,sandals,None,woman,Spring-Summer,black,black,no
00460,31.84,Shoes,sandals,teen,woman,Fall-Winter,black,none,no
00461,27.27,Legwear,skirts,child,unisex,Spring-Summer,purple,white,yes
00462,9.64,Tops,t-shirts,adult,man,Spring-Summer,grey,green,no
00463,27.81,Full Body,suits,adult,man,None,white,yellow,no
00464,26.69,Jackets,denim,child,unisex,Fall-Winter,green,grey,no
00465,47.71,Jackets,bomber,teen,man,Spring-Summer,purple,red,yes
00466,62.06,Shoes,heels,teen,woman,Fall-Winter,red,purple,no
00467,36.86,Shoes,sneakers,adult,man,Spring-Summer,white,white,no
00468,51.23,Jackets,windbreaker,adult,woman,Spring-Summer,beige,beige,yes
00469,10.61,Tops,blouses,teen,man,None,yellow,None,no
00470,46.43,Jackets,leather,teen,man,Fall-Winter,green,none,yes
00471,35.12,Shoes,sneakers,teen,man,Spring-Summer,red,red,no
00472,48.79,Shoes,boots,child,woman,Fall-Winter,purple,green,no
00473,30.66,Jackets,denim,None,man,Spring-Summer,grey,None,no
00474,22.4,Legwear,shorts,adult,woman,Spring-Summer,white,white,no
00475,32.15,Legwear,trousers,adult,woman,Spring-Summer,orange,black,no
00476,22.73,Legwear,trousers,teen,woman,Fall-Winter,pink,none,no
00477,12.98,Tops,t-shirts,child,man,Fall-Winter,red,red,yes
00478,12.48,Tops,shirts,teen,woman,Fall-Winter,blue,blue,no
00479,22.82,Shoes,sneakers,adult,man,Spring-Summer,black,white,no
00480,20.5,Tops,sweaters,None,woman,Fall-Winter,pink,red,no
00481,16.37,Legwear,trousers,None,man,Fall-Winter,black,none,no
00482,21.86,Shoes,sandals,adult,man,Spring-Summer,beige,green,no
00483,23.15,Shoes,sandals,adult,man,Fall-Winter,white,white,no
00484,28.98,Legwear,skirts,adult,woman,Fall-Winter,black,none,no
00485,57.91,Jackets,leather,teen,woman,Fall-Winter,white,beige,yes
00486,13.66,Tops,polos,teen,woman,Fall-Winter,red,white,no
00487,28.0,Shoes,sandals,None,man,Spring-Summer,red,white,no
00488,24.08,Tops,hoodies,adult,woman,Spring-Summer,grey,orange,yes
00489,8.61,Tops,hoodies,adult,man,Fall-Winter,white,black,no
00490,19.15,Accessories,hats,adult,man,Spring-Summer,white,black,no
00491,25.23,Tops,sweaters,adult,woman,Spring-Summer,black,black,no
00492,20.5,Shoes,sandals,child,man,Fall-Winter,white,grey,no
00493,33.92,Shoes,boots,None,unisex,Fall-Winter,grey,pink,no
00494,30.26,Jackets,leather,adult,man,Spring-Summer,orange,black,no
00495,38.59,Shoes,boots,teen,woman,Spring-Summer,red,purple,no
00496,29.49,Jackets,windbreaker,adult,man,Spring-Summer,black,None,no
00497,10.89,Tops,blouses,adult,man,Fall-Winter,grey,brown,no
00498,48.32,Full Body,suits,teen,man,Spring-Summer,grey,beige,yes
00499,9.76,Tops,polos,teen,woman,None,white,green,no
00500,61.29,Jackets,puffer,teen,man,None,blue,brown,no
00501,41.81,Jackets,denim,teen,woman,Spring-Summer,green,orange,no
00502,52.29,Jackets,raincoat,child,woman,Spring-Summer,black,blue,no
00503,44.11,Jackets,puffer,adult,woman,Spring-Summer,brown,black,no
00504,16.08,Tops,shirts,child,woman,Fall-Winter,grey,white,no
00505,18.13,Legwear,shorts,adult,man,None,grey,yellow,no
00506,26.96,Jackets,windbreaker,teen,man,Fall-Winter,grey,black,no
00507,35.45,Shoes,sandals,teen,woman,Fall-Winter,white,green,no
00508,13.4,Tops,polos,adult,unisex,None,black,none,yes
00509,41.53,Shoes,sneakers,child,man,Fall-Winter,grey,purple,no
00510,38.61,Accessories,bags,teen,unisex,Fall-Winter,white,blue,no
00511,30.84,Shoes,sandals,None,unisex,None,black,black,no
00512,29.2,Jackets,raincoat,None,woman,Fall-Winter,white,white,no
00513,10.42,Tops,t-shirts,teen,woman,Spring-Summer,white,black,no
00514,17.48,Accessories,belts,adult,man,Spring-Summer,green,brown,no
00515,15.25,Tops,blouses,teen,woman,Spring-Summer,white,yellow,no
00516,32.51,Legwear,jeans,teen,woman,Fall-Winter,black,black,no
00517,38.3,Full Body,suits,teen,man,Fall-Winter,grey,none,no
00518,21.05,Legwear,trousers,adult,man,Spring-Summer,blue,white,no
00519,16.89,Shoes,sandals,None,man,Spring-Summer,blue,None,no
00520,57.43,Shoes,sneakers,teen,woman,Fall-Winter,red,brown,yes
00521,25.2,Legwear,skirts,teen,unisex,Fall-Winter,pink,orange,yes
00522,47.44,Jackets,puffer,adult,man,Spring-Summer,grey,red,no
00523,29.81,Jackets,windbreaker,adult,man,None,red,black,no
00524,39.48,Shoes,sandals,teen,woman,Fall-Winter,white,red,yes
00525,14.97,Legwear,shorts,teen,man,Fall-Winter,white,grey,no
00526,60.67,Full Body,dresses,teen,woman,None,beige,black,yes
00527,26.73,Legwear,trousers,teen,man,Spring-Summer,red,black,yes
00528,16.03,Tops,hoodies,adult,man,Fall-Winter,purple,beige,no
00529,25.37,Jackets,windbreaker,None,unisex,None,grey,grey,no
00530,28.87,Tops,sweaters,adult,woman,None,grey,orange,no
00531,25.27,Shoes,sandals,adult,man,None,red,white,yes
00532,27.39,Tops,shirts,teen,woman,Fall-Winter,white,grey,yes
00533,44.95,Shoes,sneakers,None,woman,Spring-Summer,black,yellow,yes
00534,20.89,Tops,sweaters,None,woman,Fall-Winter,purple,white,no
00535,17.67,Legwear,skirts,teen,man,Spring-Summer,white,blue,no
00536,24.77,Legwear,trousers,child,woman,Fall-Winter,purple,white,yes
00537,15.15,Tops,shirts,adult,man,Fall-Winter,grey,white,yes
00538,33.2,Shoes,sandals,teen,woman,Fall-Winter,white,purple,no
00539,51.36,Jackets,bomber,adult,man,Fall-Winter,black,green,yes
00540,35.23,Legwear,jeans,adult,man,None,purple,orange,yes
00541,28.36,Legwear,skirts,adult,woman,Spring-Summer,black,red,no
00542,23.05,Legwear,trousers,adult,woman,Spring-Summer,black,black,yes
00543,18.95,Legwear,shorts,teen,man,Fall-Winter,blue,orange,yes
00544,44.99,Shoes,sandals,adult,woman,Fall-Winter,black,None,no
00545,47.05,Shoes,sneakers,child,woman,Spring-Summer,red,green,no
00546,53.34,Jackets,bomber,child,man,None,black,none,yes
00547,21.57,Shoes,sandals,child,man,Fall-Winter,red,red,no
00548,16.0,Tops,shirts,adult,unisex,Fall-Winter,grey,grey,yes
00549,14.73,Accessories,hats,child,man,Fall-Winter,grey,yellow,yes
00550,17.9,Tops,hoodies,teen,man,Fall-Winter,white,black,no
00551,78.07,Shoes,heels,teen,woman,Spring-Summer,red,black,yes
00552,29.7,Legwear,jeans,adult,unisex,Spring-Summer,yellow,white,yes
00553,32.86,Jackets,windbreaker,child,man,Spring-Summer,red,red,no
00554,30.18,Legwear,trousers,teen,man,None,blue,black,yes
00555,23.04,Legwear,trousers,adult,man,Fall-Winter,black,black,no
00556,17.47,Legwear,trousers,teen,man,Fall-Winter,red,green,no
00557,31.58,Jackets,raincoat,None,man,Fall-Winter,beige,orange,yes
00558,21.73,Tops,hoodies,teen,woman,Spring-Summer,white,white,no
00559,52.68,Full Body,suits,adult,man,None,grey,black,yes
00560,31.37,Legwear,trousers,adult,man,Spring-Summer,red,pink,yes
00561,46.29,Shoes,boots,teen,woman,None,black,yellow,no
00562,23.88,Shoes,sneakers,teen,unisex,Fall-Winter,red,black,no
00563,34.42,Jackets,windbreaker,adult,woman,Fall-Winter,yellow,white,no
00564,23.62,Legwear,jeans,teen,man,Fall-Winter,white,orange,no
00565,52.87,Shoes,boots,teen,woman,Fall-Winter,green,white,no
00566,9.19,Tops,blouses,child,woman,Spring-Summer,black,black,no
00567,22.68,Shoes,sneakers,child,man,Spring-Summer,black,brown,yes
00568,11.21,Tops,blouses,child,man,Fall-Winter,white,white,no
00569,20.02,Tops,sweaters,adult,woman,Fall-Winter,grey,yellow,no
00570,10.32,Tops,shirts,teen,man,None,green,purple,no
00571,13.5,Tops,shirts,None,man,Spring-Summer,grey,orange,no
00572,32.45,Shoes,sandals,teen,unisex,None,red,red,yes
00573,9.42,Tops,t-shirts,teen,woman,Spring-Summer,red,grey,yes
00574,29.34,Legwear,jeans,child,woman,Spring-Summer,red,grey,no
00575,17.43,Tops,sweaters,child,unisex,None,grey,orange,yes
00576,14.34,Tops,t-shirts,teen,man,Spring-Summer,grey,purple,yes
00577,41.65,Shoes,boots,teen,man,None,white,green,yes
00578,37.77,Jackets,denim,adult,man,Spring-Summer,black,yellow,yes
00579,15.41,Tops,polos,teen,man,Spring-Summer,white,white,yes
00580,32.12,Jackets,windbreaker,adult,man,Spring-Summer,brown,black,yes
00581,9.51,Tops,t-shirts,teen,man,Spring-Summer,grey,brown,no
00582,39.1,Shoes,sneakers,adult,woman,Spring-Summer,purple,white,no
00583,36.34,Shoes,heels,None,woman,Fall-Winter,black,none,no
00584,53.4,Shoes,heels,teen,woman,Fall-Winter,orange,white,no
00585,56.9,Shoes,sneakers,adult,man,Spring-Summer,yellow,beige,yes
00586,31.62,Shoes,sandals,adult,woman,Fall-Winter,white,blue,no
00587,39.92,Shoes,sandals,teen,man,Fall-Winter,grey,red,yes
00588,17.9,Tops,shirts,teen,woman,Spring-Summer,purple,grey,no
00589,21.58,Shoes,sandals,teen,unisex,Spring-Summer,grey,grey,no
00590,37.93,Legwear,jeans,child,woman,Fall-Winter,black,blue,no
00591,44.86,Legwear,jeans,teen,woman,None,green,red,no
00592,23.27,Jackets,denim,teen,woman,Fall-Winter,black,None,no
00593,11.72,Tops,shirts,teen,man,None,white,white,no
00594,48.91,Shoes,heels,teen,woman,Spring-Summer,black,black,no
00595,6.97,Tops,t-shirts,teen,man,Spring-Summer,black,white,no
00596,30.95,Shoes,boots,teen,woman,Spring-Summer,pink,pink,no
00597,51.31,Shoes,heels,child,woman,Spring-Summer,grey,white,no
00598,21.66,Shoes,sandals,adult,man,Fall-Winter,brown,white,no
00599,18.69,Legwear,trousers,None,man,Spring-Summer,black,orange,yes
00600,31.75,Jackets,windbreaker,child,woman,Spring-Summer,yellow,blue,no
00601,43.12,Shoes,sandals,adult,man,Spring-Summer,black,blue,no
00602,32.43,Full Body,suits,child,man,Spring-Summer,purple,black,no
00603,21.54,Legwear,skirts,adult,woman,Spring-Summer,red,white,no
00604,34.39,Shoes,sneakers,adult,man,Fall-Winter,blue,white,yes
00605,16.31,Tops,sweaters,child,man,Fall-Winter,white,pink,no
00606,18.68,Legwear,trousers,child,man,Spring-Summer,red,black,no
00607,12.71,Tops,t-shirts,adult,woman,Fall-Winter,brown,black,no
00608,40.19,Jackets,raincoat,None,woman,Spring-Summer,black,black,yes
00609,27.58,Legwear,jeans,child,woman,None,grey,brown,no
00610,19.37,Legwear,trousers,teen,woman,Spring-Summer,red,grey,no
00611,39.08,Shoes,sandals,teen,man,Spring-Summer,white,white,no
00612,57.13,Shoes,sneakers,child,woman,None,grey,red,no
00613,15.65,Legwear,trousers,child,man,Spring-Summer,green,white,no
00614,16.46,Legwear,trousers,adult,man,Fall-Winter,black,None,no
00615,10.44,Tops,t-shirts,adult,woman,None,yellow,None,no
00616,21.37,Tops,sweaters,child,man,Spring-Summer,grey,red,yes
00617,50.25,Full Body,suits,teen,man,Fall-Winter,white,black,yes
00618,11.68,Tops,t-shirts,teen,woman,Fall-Winter,white,white,yes
00619,44.03,Shoes,boots,None,woman,Spring-Summer,white,blue,no
00620,9.31,Tops,t-shirts,teen,man,Fall-Winter,black,yellow,yes
00621,9.45,Tops,t-shirts,child,man,Spring-Summer,blue,black,no
00622,42.34,Jackets,bomber,adult,man,Spring-Summer,beige,red,no
00623,49.02,Shoes,sneakers,adult,woman,Fall-Winter,yellow,beige,no
00624,29.62,Shoes,sandals,adult,man,Fall-Winter,red,brown,no
00625,9.4,Tops,t-shirts,adult,woman,Spring-Summer,white,black,no
00626,22.94,Legwear,jeans,None,unisex,Fall-Winter,brown,grey,no
00627,7.53,Tops,t-shirts,child,man,Fall-Winter,red,black,no
00628,19.4,Tops,polos,adult,woman,Fall-Winter,pink,red,yes
00629,11.24,Tops,t-shirts,teen,woman,Fall-Winter,purple,white,no
00630,27.8,Legwear,jeans,None,woman,Spring-Summer,black,white,no
00631,29.57,Jackets,windbreaker,teen,woman,Spring-Summer,white,brown,no
00632,16.98,Full Body,dresses,child,woman,None,brown,white,no
00633,11.14,Tops,t-shirts,adult,woman,Fall-Winter,green,grey,no
00634,39.24,Jackets,raincoat,teen,man,Spring-Summer,brown,white,no
00635,16.91,Accessories,scarves,adult,man,Spring-Summer,grey,black,no
00636,15.05,Tops,blouses,adult,woman,Spring-Summer,black,white,no
00637,19.9,Legwear,skirts,teen,woman,Fall-Winter,yellow,pink,no
00638,30.74,Shoes,sandals,teen,woman,Spring-Summer,white,blue,no
00639,38.51,Jackets,windbreaker,teen,man,Fall-Winter,yellow,black,no
00640,31.31,Shoes,sandals,teen,woman,None,blue,pink,yes
00641,33.89,Jackets,leather,child,woman,None,black,beige,no
00642,61.74,Jackets,puffer,child,woman,Spring-Summer,purple,white,no
00643,12.18,Legwear,shorts,teen,woman,Spring-Summer,white,black,no
00644,12.5,Tops,hoodies,child,man,Spring-Summer,black,None,no
00645,43.27,Shoes,boots,teen,woman,Fall-Winter,brown,grey,no
00646,7.25,Tops,t-shirts,None,woman,None,grey,white,yes
00647,25.46,Tops,sweaters,adult,woman,Spring-Summer,red,red,yes
00648,19.45,Tops,shirts,adult,unisex,Spring-Summer,black,pink,no
00649,34.79,Jackets,windbreaker,None,man,Spring-Summer,black,white,yes
00650,48.86,Shoes,sandals,teen,unisex,Fall-Winter,white,black,no
00651,9.89,Tops,t-shirts,teen,man,Fall-Winter,red,brown,yes
00652,35.72,Legwear,trousers,teen,woman,Fall-Winter,orange,pink,yes
00653,12.57,Tops,shirts,teen,unisex,Spring-Summer,white,beige,no
00654,26.28,Legwear,shorts,teen,woman,Fall-Winter,purple,white,no
00655,36.76,Jackets,denim,teen,woman,Fall-Winter,yellow,none,no
00656,16.15,Legwear,trousers,None,woman,Fall-Winter,brown,green,no
00657,8.28,Tops,t-shirts,teen,woman,Spring-Summer,white,black,no
00658,15.28,Accessories,belts,child,man,Fall-Winter,beige,grey,no
00659,39.39,Jackets,raincoat,adult,man,None,black,blue,no
00660,11.31,Tops,t-shirts,None,man,Fall-Winter,black,grey,no
00661,28.72,Accessories,scarves,child,woman,Fall-Winter,green,red,yes
00662,20.53,Legwear,skirts,teen,man,Spring-Summer,white,black,no
00663,8.8,Tops,t-shirts,teen,man,Spring-Summer,pink,none,no
00664,14.56,Tops,hoodies,None,woman,Spring-Summer,blue,red,no
00665,20.76,Tops,hoodies,teen,woman,None,white,white,no
00666,23.13,Legwear,shorts,adult,woman,Fall-Winter,grey,red,no
00667,29.1,Legwear,jeans,teen,man,Spring-Summer,beige,black,no
00668,28.84,Shoes,sneakers,adult,woman,Fall-Winter,white,blue,no
00669,35.68,Shoes,sneakers,adult,woman,None,white,yellow,no
00670,10.4,Tops,t-shirts,teen,man,Spring-Summer,black,white,no
00671,60.8,Shoes,sneakers,adult,woman,Spring-Summer,white,None,yes
00672,24.6,Legwear,trousers,teen,woman,Spring-Summer,white,black,no
00673,28.27,Legwear,trousers,teen,woman,Fall-Winter,grey,green,no
00674,40.88,Shoes,sandals,None,unisex,Spring-Summer,yellow,brown,yes
00675,25.71,Legwear,jeans,adult,man,Spring-Summer,orange,white,no
00676,53.31,Jackets,puffer,None,man,Spring-Summer,white,none,yes
00677,14.56,Accessories,hats,adult,woman,None,beige,grey,no
00678,20.87,Tops,sweaters,None,woman,Spring-Summer,black,none,yes
00679,19.18,Tops,sweaters,teen,unisex,None,green,white,no
00680,42.6,Jackets,raincoat,adult,woman,Fall-Winter,black,black,no
00681,41.34,Shoes,sneakers,teen,woman,Spring-Summer,yellow,black,yes
00682,9.01,Accessories,belts,None,man,Spring-Summer,orange,black,no
00683,29.51,Shoes,sandals,None,man,Spring-Summer,grey,brown,yes
00684,55.19,Shoes,boots,adult,woman,Fall-Winter,orange,grey,yes
00685,17.97,Legwear,trousers,child,man,Fall-Winter,white,pink,no
00686,26.16,Legwear,jeans,adult,woman,Fall-Winter,beige,grey,no
00687,29.02,Jackets,denim,child,woman,Fall-Winter,white,purple,no
00688,9.97,Tops,t-shirts,adult,man,Spring-Summer,beige,black,yes
00689,35.51,Accessories,bags,teen,woman,Fall-Winter,red,blue,no
00690,16.59,Legwear,trousers,child,man,Spring-Summer,white,brown,yes
00691,17.23,Accessories,hats,teen,woman,Fall-Winter,white,brown,yes
00692,14.64,Tops,polos,teen,woman,Fall-Winter,yellow,white,yes
00693,34.27,Jackets,bomber,adult,man,Fall-Winter,black,pink,no
00694,30.12,Shoes,sneakers,child,man,Fall-Winter,orange,black,no
00695,20.72,Tops,blouses,adult,woman,Spring-Summer,white,black,yes
00696,38.59,Jackets,puffer,adult,woman,Spring-Summer,black,grey,no
00697,20.6,Tops,sweaters,adult,woman,Spring-Summer,grey,white,yes
00698,9.7,Tops,hoodies,child,man,Fall-Winter,grey,brown,no
00699,25.47,Tops,shirts,adult,woman,Fall-Winter,white,black,yes
00700,14.98,Tops,hoodies,teen,man,Spring-Summer,black,green,yes
00701,40.72,Shoes,boots,child,woman,Fall-Winter,blue,grey,no
00702,59.8,Shoes,boots,teen,unisex,Fall-Winter,black,green,yes
00703,30.08,Shoes,boots,adult,man,Fall-Winter,red,grey,yes
00704,10.2,Tops,t-shirts,None,woman,Spring-Summer,white,red,no
00705,40.75,Shoes,boots,adult,woman,Fall-Winter,orange,green,no
00706,11.43,Tops,blouses,teen,unisex,Fall-Winter,pink,yellow,no
00707,35.41,Jackets,leather,teen,man,None,orange,green,no
00708,49.59,Jackets,denim,adult,woman,Fall-Winter,black,black,yes
00709,10.48,Tops,t-shirts,teen,woman,Fall-Winter,red,black,no
00710,40.8,Full Body,dresses,adult,woman,Spring-Summer,brown,red,no
00711,13.55,Tops,blouses,child,man,Fall-Winter,orange,red,no
00712,69.16,Shoes,heels,teen,woman,Spring-Summer,white,none,yes
00713,23.21,Legwear,skirts,teen,man,None,black,green,no
00714,39.22,Shoes,sneakers,child,woman,Fall-Winter,red,white,no
00715,56.93,Jackets,bomber,teen,woman,Fall-Winter,black,red,no
00716,50.44,Shoes,boots,teen,man,Fall-Winter,black,grey,no
00717,33.14,Jackets,leather,adult,man,Spring-Summer,yellow,white,no
00718,14.02,Tops,sweaters,child,man,Spring-Summer,black,yellow,no
00719,9.29,Tops,t-shirts,teen,man,Fall-Winter,beige,grey,no
00720,8.64,Tops,t-shirts,adult,woman,Spring-Summer,blue,black,no
00721,36.0,Full Body,suits,teen,man,Fall-Winter,red,green,yes
00722,25.93,Shoes,boots,teen,man,Fall-Winter,white,orange,no
00723,18.28,Tops,sweaters,teen,man,Spring-Summer,orange,purple,no
00724,34.43,Shoes,sneakers,child,woman,Spring-Summer,grey,purple,no
00725,24.02,Shoes,sandals,child,man,None,white,grey,no
00726,21.99,Legwear,skirts,adult,unisex,Spring-Summer,red,red,yes
00727,31.9,Legwear,jeans,adult,woman,None,black,pink,no
00728,34.14,Shoes,boots,teen,man,None,red,brown,yes
00729,28.76,Jackets,windbreaker,adult,man,None,blue,grey,yes
00730,26.27,Legwear,skirts,child,woman,Spring-Summer,white,black,no
00731,11.73,Accessories,hats,None,woman,Fall-Winter,black,green,no
00732,20.57,Legwear,trousers,teen,man,None,green,white,yes
00733,28.01,Legwear,trousers,teen,woman,Spring-Summer,pink,none,no
00734,45.29,Full Body,dresses,None,woman,None,white,yellow,yes
00735,44.74,Jackets,leather,child,man,Spring-Summer,red,white,yes
00736,9.72,Tops,shirts,teen,man,Fall-Winter,orange,beige,no
00737,11.16,Tops,shirts,child,man,Fall-Winter,grey,None,no
00738,26.17,Legwear,trousers,teen,man,Spring-Summer,black,black,yes
00739,35.32,Shoes,boots,teen,man,Fall-Winter,grey,black,yes
00740,27.54,Tops,hoodies,adult,woman,Fall-Winter,grey,grey,no
00741,12.56,Accessories,belts,None,man,None,red,brown,no
00742,34.04,Tops,shirts,adult,woman,Spring-Summer,brown,black,yes
00743,19.0,Legwear,skirts,adult,man,Spring-Summer,grey,yellow,no
00744,9.01,Tops,polos,None,man,Fall-Winter,grey,white,no
00745,24.3,Jackets,windbreaker,teen,man,None,grey,blue,no
00746,23.52,Legwear,shorts,teen,woman,Fall-Winter,pink,grey,no
00747,44.25,Shoes,sandals,child,woman,Fall-Winter,orange,white,yes
00748,28.74,Accessories,bags,None,man,None,red,grey,yes
00749,60.86,Shoes,sneakers,teen,woman,None,pink,black,no
00750,15.56,Tops,sweaters,None,woman,Fall-Winter,pink,orange,no
00751,48.47,Jackets,leather,adult,man,None,black,black,no
00752,21.22,Legwear,shorts,adult,unisex,Fall-Winter,black,orange,no
00753,30.93,Shoes,sandals,teen,woman,Spring-Summer,black,grey,no
00754,25.36,Legwear,trousers,teen,unisex,Fall-Winter,pink,none,no
00755,51.23,Shoes,boots,None,woman,Spring-Summer,black,white,no
00756,35.23,Shoes,sneakers,None,man,Spring-Summer,red,black,no
00757,50.11,Shoes,sandals,teen,woman,Fall-Winter,black,pink,yes
00758,29.43,Shoes,sneakers,teen,man,Spring-Summer,brown,white,no
00759,51.5,Jackets,raincoat,adult,woman,Spring-Summer,red,black,no
00760,17.32,Tops,shirts,adult,man,Fall-Winter,yellow,green,no
00761,26.1,Legwear,jeans,child,woman,Fall-Winter,white,purple,no
00762,50.1,Jackets,puffer,child,woman,None,grey,grey,no
00763,13.18,Accessories,hats,teen,man,Fall-Winter,white,white,no
00764,43.07,Shoes,sneakers,teen,man,Spring-Summer,black,black,yes
00765,68.48,Jackets,windbreaker,adult,woman,Fall-Winter,brown,grey,yes
00766,9.2,Tops,t-shirts,adult,woman,Fall-Winter,white,none,no
00767,42.51,Jackets,puffer,child,unisex,Fall-Winter,yellow,black,no
00768,22.47,Legwear,jeans,adult,man,None,grey,grey,no
00769,36.44,Shoes,boots,teen,man,Fall-Winter,orange,None,yes
00770,62.59,Jackets,leather,teen,woman,Fall-Winter,orange,red,no
00771,23.37,Legwear,jeans,child,man,Spring-Summer,grey,black,no
00772,32.61,Jackets,windbreaker,teen,woman,Fall-Winter,white,white,yes
00773,31.93,Shoes,sneakers,teen,man,Fall-Winter,orange,black,yes
00774,11.09,Tops,t-shirts,child,woman,Spring-Summer,purple,black,no
00775,42.91,Jackets,bomber,teen,woman,Fall-Winter,pink,white,no
00776,29.69,Legwear,jeans,adult,unisex,Fall-Winter,grey,green,no
00777,17.4,Full Body,suits,teen,man,None,red,red,no
00778,47.39,Jackets,bomber,adult,man,None,beige,yellow,yes
00779,14.89,Legwear,shorts,adult,woman,Fall-Winter,grey,black,no
00780,7.92,Tops,blouses,child,woman,Fall-Winter,yellow,green,no
00781,74.86,Shoes,heels,teen,woman,Spring-Summer,grey,pink,yes
00782,16.51,Legwear,shorts,teen,man,Fall-Winter,white,none,no
00783,8.52,Tops,t-shirts,teen,woman,Spring-Summer,orange,black,no
00784,26.78,Legwear,trousers,teen,woman,Spring-Summer,grey,purple,yes
00785,18.88,Tops,sweaters,teen,unisex,Fall-Winter,white,brown,no
00786,9.32,Tops,t-shirts,teen,woman,Fall-Winter,black,purple,no
00787,38.07,Shoes,boots,None,man,Spring-Summer,purple,black,no
00788,27.35,Shoes,heels,teen,unisex,Spring-Summer,orange,white,no
00789,11.87,Accessories,belts,None,man,Spring-Summer,black,red,no
00790,30.61,Accessories,bags,None,woman,Spring-Summer,orange,green,no
00791,57.39,Shoes,heels,child,woman,Fall-Winter,white,black,yes
00792,58.61,Shoes,boots,teen,woman,Spring-Summer,white,purple,no
00793,62.28,Full Body,suits,adult,unisex,Spring-Summer,beige,grey,yes
00794,31.5,Shoes,boots,teen,woman,Spring-Summer,red,red,no
00795,10.52,Tops,polos,teen,man,Spring-Summer,purple,white,no
00796,37.3,Jackets,bomber,teen,woman,Spring-Summer,white,grey,no
00797,23.27,Accessories,scarves,child,woman,Fall-Winter,white,none,no
00798,31.23,Legwear,trousers,adult,man,Fall-Winter,white,white,yes
00799,18.27,Tops,hoodies,child,man,None,purple,black,yes
00800,27.98,Full Body,suits,child,man,Spring-Summer,white,green,yes
00801,77.46,Shoes,boots,teen,woman,Fall-Winter,white,white,yes
00802,25.91,Shoes,sneakers,None,man,Spring-Summer,grey,green,yes
00803,15.91,Tops,hoodies,teen,man,Spring-Summer,white,white,no
00804,11.84,Tops,polos,adult,woman,Spring-Summer,grey,red,no
00805,28.92,Shoes,sandals,adult,man,Spring-Summer,white,grey,no
00806,12.36,Tops,hoodies,adult,man,Spring-Summer,grey,grey,no
00807,36.76,Accessories,bags,adult,woman,Fall-Winter,white,purple,no
00808,28.9,Accessories,scarves,teen,woman,Fall-Winter,brown,black,yes
00809,14.98,Accessories,belts,adult,man,Fall-Winter,orange,blue,no
00810,63.39,Shoes,boots,teen,woman,Spring-Summer,black,none,no
00811,19.18,Tops,sweaters,None,man,Spring-Summer,brown,white,yes
00812,11.69,Tops,blouses,child,woman,Fall-Winter,white,black,no
00813,20.11,Legwear,skirts,adult,unisex,Fall-Winter,black,grey,no
00814,18.17,Legwear,shorts,child,woman,Spring-Summer,black,red,no
00815,58.97,Jackets,bomber,adult,unisex,Fall-Winter,black,none,yes
00816,15.59,Tops,polos,adult,man,Spring-Summer,grey,beige,no
00817,16.06,Tops,shirts,teen,man,None,black,black,yes
00818,33.62,Accessories,bags,adult,man,Spring-Summer,orange,grey,no
00819,24.3,Legwear,skirts,teen,man,Spring-Summer,red,black,yes
00820,37.25,Jackets,windbreaker,teen,woman,Spring-Summer,grey,yellow,no
00821,24.46,Legwear,trousers,adult,woman,Spring-Summer,red,beige,no
00822,26.74,Shoes,sandals,child,man,Fall-Winter,black,none,no
00823,24.7,Shoes,sandals,None,woman,None,blue,grey,yes
00824,32.7,Shoes,sandals,adult,woman,Spring-Summer,grey,grey,no
00825,35.72,Jackets,bomber,child,man,Spring-Summer,black,purple,no
00826,17.16,Accessories,hats,None,woman,Fall-Winter,green,white,no
00827,46.44,Shoes,boots,adult,man,Spring-Summer,blue,grey,no
00828,19.54,Legwear,skirts,child,woman,Spring-Summer,red,grey,no
00829,73.01,Shoes,boots,child,woman,Fall-Winter,black,pink,yes
00830,44.05,Jackets,bomber,adult,woman,Spring-Summer,black,red,no
00831,14.12,Tops,shirts,teen,man,Spring-Summer,black,black,no
00832,8.18,Tops,polos,child,man,Spring-Summer,orange,black,no
00833,17.56,Tops,sweaters,teen,man,Fall-Winter,orange,grey,no
00834,15.6,Tops,blouses,child,woman,Fall-Winter,pink,orange,no
00835,18.63,Tops,polos,child,woman,None,yellow,yellow,yes
00836,24.93,Legwear,trousers,teen,unisex,None,green,beige,yes
00837,31.9,Jackets,bomber,teen,man,Fall-Winter,black,white,no
00838,39.33,Legwear,jeans,adult,unisex,Fall-Winter,beige,black,yes
00839,58.59,Shoes,heels,adult,woman,Fall-Winter,brown,black,yes
00840,33.87,Jackets,bomber,teen,man,None,grey,brown,no
00841,30.88,Full Body,suits,adult,unisex,Fall-Winter,grey,beige,no
00842,50.12,Jackets,leather,adult,man,Spring-Summer,yellow,white,yes
00843,35.04,Shoes,boots,teen,man,Spring-Summer,grey,white,no
00844,33.0,Shoes,sneakers,adult,woman,Spring-Summer,black,blue,no
00845,13.76,Tops,blouses,adult,woman,Fall-Winter,pink,grey,no
00846,44.96,Jackets,denim,child,man,Spring-Summer,white,yellow,no
00847,16.74,Tops,polos,adult,woman,Spring-Summer,yellow,green,no
00848,26.68,Shoes,sandals,child,woman,Spring-Summer,beige,yellow,yes
00849,22.92,Legwear,trousers,teen,man,Spring-Summer,black,black,yes
00850,19.15,Accessories,scarves,child,man,Fall-Winter,white,None,no
00851,13.27,Tops,t-shirts,adult,man,None,orange,None,yes
00852,32.29,Legwear,skirts,adult,woman,Fall-Winter,green,black,no
00853,10.78,Tops,t-shirts,adult,woman,None,grey,purple,no
00854,23.07,Tops,sweaters,child,woman,Spring-Summer,purple,white,no
00855,31.69,Shoes,sneakers,adult,woman,Fall-Winter,beige,black,no
00856,32.61,Shoes,sneakers,teen,woman,Spring-Summer,purple,blue,no
00857,17.35,Accessories,hats,adult,woman,Fall-Winter,white,black,no
00858,31.64,Jackets,windbreaker,adult,man,Fall-Winter,grey,pink,no
00859,15.56,Legwear,shorts,None,man,Spring-Summer,black,none,yes
00860,64.95,Jackets,bomber,adult,woman,Spring-Summer,orange,grey,yes
00861,13.32,Tops,polos,teen,woman,Fall-Winter,black,yellow,no
00862,40.7,Jackets,raincoat,adult,man,Fall-Winter,blue,black,yes
00863,20.37,Legwear,jeans,None,unisex,Spring-Summer,grey,white,yes
00864,9.61,Tops,blouses,child,woman,Fall-Winter,white,green,no
00865,49.31,Legwear,jeans,teen,woman,Fall-Winter,beige,white,yes
00866,15.94,Tops,sweaters,None,woman,Fall-Winter,grey,brown,no
00867,22.41,Accessories,hats,teen,woman,Fall-Winter,black,green,no
00868,12.25,Tops,shirts,None,woman,Spring-Summer,black,black,no
00869,21.65,Legwear,trousers,teen,man,Fall-Winter,black,orange,no
00870,8.07,Tops,blouses,child,man,Spring-Summer,grey,pink,no
00871,38.59,Jackets,bomber,teen,man,Fall-Winter,black,white,no
00872,10.48,Tops,t-shirts,adult,woman,None,white,white,no
00873,13.72,Tops,t-shirts,teen,woman,Fall-Winter,green,none,no
00874,60.86,Jackets,raincoat,teen,woman,Spring-Summer,grey,yellow,no
00875,37.45,Shoes,heels,teen,unisex,Spring-Summer,orange,white,yes
00876,66.35,Shoes,heels,adult,woman,None,orange,red,no
00877,6.61,Tops,t-shirts,None,man,Spring-Summer,purple,black,no
00878,34.46,Shoes,sneakers,teen,man,Fall-Winter,orange,orange,yes
00879,46.61,Full Body,dresses,teen,unisex,Fall-Winter,brown,beige,no
00880,23.83,Legwear,skirts,teen,woman,Spring-Summer,beige,pink,no
00881,85.56,Shoes,heels,teen,woman,Spring-Summer,grey,white,yes
00882,65.24,Shoes,boots,teen,woman,Spring-Summer,grey,yellow,no
00883,37.17,Jackets,bomber,teen,woman,Spring-Summer,black,None,no
00884,17.22,Accessories,hats,teen,woman,Spring-Summer,green,None,no
00885,10.5,Tops,t-shirts,adult,man,Fall-Winter,purple,red,no
00886,42.28,Jackets,leather,adult,man,Spring-Summer,yellow,none,no
00887,12.83,Legwear,skirts,adult,man,None,black,none,no
00888,31.17,Full Body,dresses,child,woman,Spring-Summer,orange,grey,no
00889,23.75,Jackets,raincoat,child,man,Fall-Winter,pink,pink,no
00890,32.51,Jackets,windbreaker,adult,man,Spring-Summer,red,white,no
00891,47.17,Jackets,leather,child,woman,Spring-Summer,purple,pink,no
00892,55.63,Shoes,boots,adult,woman,Fall-Winter,white,black,no
00893,48.81,Shoes,boots,teen,man,Spring-Summer,yellow,grey,no
00894,10.7,Legwear,shorts,adult,man,Spring-Summer,blue,pink,no
00895,40.15,Shoes,sneakers,adult,woman,Spring-Summer,black,black,no
00896,10.06,Tops,t-shirts,adult,man,Fall-Winter,green,blue,no
00897,68.73,Shoes,heels,teen,woman,Spring-Summer,grey,None,no
00898,9.36,Tops,polos,child,man,Spring-Summer,pink,grey,no
00899,20.96,Legwear,trousers,teen,woman,Fall-Winter,white,black,no
00900,29.95,Tops,sweaters,teen,man,Fall-Winter,black,brown,yes
00901,17.19,Accessories,belts,teen,woman,Spring-Summer,brown,white,no
00902,28.65,Shoes,boots,teen,man,Spring-Summer,brown,none,no
00903,44.34,Jackets,puffer,child,man,Spring-Summer,red,grey,no
00904,19.78,Tops,shirts,teen,woman,Fall-Winter,black,purple,no
00905,32.54,Shoes,sandals,teen,woman,Spring-Summer,pink,red,no
00906,34.65,Jackets,raincoat,teen,man,Fall-Winter,black,orange,yes
00907,40.77,Jackets,leather,child,man,Fall-Winter,purple,None,no
00908,50.22,Jackets,raincoat,child,woman,None,white,green,yes
00909,9.83,Tops,t-shirts,adult,man,Spring-Summer,grey,blue,no
00910,49.19,Shoes,boots,adult,woman,Spring-Summer,beige,black,no
00911,41.81,Jackets,denim,teen,woman,None,red,white,no
00912,54.02,Shoes,sandals,teen,man,Spring-Summer,grey,beige,yes
00913,44.28,Jackets,leather,child,unisex,Spring-Summer,white,grey,yes
00914,17.03,Legwear,trousers,child,man,Spring-Summer,white,brown,no
00915,15.55,Legwear,shorts,teen,woman,Fall-Winter,grey,black,no
00916,21.43,Legwear,skirts,adult,man,Fall-Winter,black,brown,yes
00917,23.04,Legwear,trousers,adult,man,Fall-Winter,black,black,no
00918,23.88,Legwear,trousers,adult,man,Spring-Summer,black,white,no
00919,32.63,Shoes,sneakers,adult,man,Fall-Winter,white,red,no
00920,23.21,Legwear,shorts,adult,man,Fall-Winter,grey,green,yes
00921,39.33,Shoes,sneakers,teen,man,Fall-Winter,black,none,no
00922,53.86,Shoes,boots,adult,man,Fall-Winter,white,black,yes
00923,29.51,Shoes,sandals,teen,man,Spring-Summer,blue,black,no
00924,25.0,Jackets,windbreaker,teen,unisex,Fall-Winter,purple,red,no
00925,16.49,Tops,shirts,child,man,Spring-Summer,black,grey,no
00926,34.53,Shoes,sneakers,adult,man,Fall-Winter,black,black,no
00927,51.25,Full Body,dresses,teen,woman,Spring-Summer,white,white,no
00928,41.15,Legwear,jeans,adult,man,Spring-Summer,white,white,yes
00929,42.4,Accessories,bags,adult,woman,Fall-Winter,black,black,no
00930,40.59,Jackets,puffer,None,man,Fall-Winter,grey,white,no
00931,19.51,Tops,sweaters,teen,woman,Fall-Winter,red,red,no
00932,21.12,Legwear,shorts,teen,man,Spring-Summer,grey,pink,yes
00933,10.16,Tops,t-shirts,teen,woman,Fall-Winter,black,white,no
00934,26.18,Accessories,bags,teen,woman,Spring-Summer,white,pink,no
00935,14.89,Tops,hoodies,child,man,Fall-Winter,yellow,brown,no
00936,33.52,Shoes,sandals,teen,man,None,black,black,no
00937,20.86,Accessories,belts,adult,woman,Fall-Winter,grey,none,yes
00938,8.74,Tops,t-shirts,adult,unisex,Fall-Winter,pink,none,no
00939,20.2,Legwear,skirts,teen,woman,Fall-Winter,beige,yellow,no
00940,6.99,Tops,t-shirts,adult,man,Spring-Summer,brown,black,no
00941,24.44,Legwear,jeans,adult,woman,Fall-Winter,purple,green,no
00942,25.78,Legwear,trousers,adult,man,Fall-Winter,beige,red,yes
00943,23.85,Legwear,jeans,child,woman,Fall-Winter,red,pink,no
00944,16.38,Legwear,shorts,child,man,Spring-Summer,black,orange,no
00945,49.58,Shoes,sneakers,teen,man,Spring-Summer,grey,grey,no
00946,37.5,Shoes,boots,child,man,None,red,white,no
00947,17.39,Tops,polos,teen,woman,Spring-Summer,white,pink,no
00948,44.23,Full Body,suits,teen,unisex,Spring-Summer,black,yellow,no
00949,41.81,Jackets,raincoat,child,man,Fall-Winter,green,black,no
00950,65.11,Jackets,leather,child,woman,None,grey,grey,yes
00951,33.05,Shoes,boots,child,woman,Spring-Summer,white,orange,no
00952,28.94,Tops,shirts,teen,woman,None,blue,white,yes
00953,32.38,Shoes,heels,teen,unisex,Fall-Winter,blue,purple,no
00954,20.62,Legwear,skirts,adult,man,Spring-Summer,yellow,white,no
00955,13.04,Tops,t-shirts,teen,man,None,white,brown,no
00956,25.8,Legwear,jeans,teen,man,Spring-Summer,black,blue,no
00957,33.49,Jackets,raincoat,adult,man,Fall-Winter,yellow,orange,no
00958,38.52,Jackets,bomber,adult,unisex,Spring-Summer,grey,black,no
00959,23.13,Legwear,skirts,teen,man,Fall-Winter,black,yellow,no
00960,17.72,Accessories,belts,teen,man,Spring-Summer,white,red,yes
00961,16.45,Legwear,trousers,child,woman,Fall-Winter,green,orange,no
00962,79.81,Full Body,suits,adult,unisex,Spring-Summer,white,brown,no
00963,12.76,Tops,t-shirts,adult,woman,Fall-Winter,pink,purple,no
00964,29.66,Legwear,jeans,child,man,Spring-Summer,grey,black,yes
00965,10.88,Tops,blouses,adult,woman,None,beige,black,no
00966,24.29,Legwear,skirts,adult,woman,Fall-Winter,blue,pink,no
00967,21.37,Legwear,skirts,teen,man,Spring-Summer,black,black,no
00968,19.19,Tops,blouses,adult,man,Spring-Summer,red,red,no
00969,18.94,Legwear,trousers,None,woman,Spring-Summer,white,yellow,no
00970,38.48,Full Body,suits,teen,man,Fall-Winter,black,red,no
00971,18.65,Tops,sweaters,teen,man,Fall-Winter,brown,white,no
00972,16.23,Tops,polos,adult,unisex,Fall-Winter,red,grey,yes
00973,41.0,Jackets,windbreaker,teen,woman,Spring-Summer,pink,black,yes
00974,20.83,Legwear,skirts,adult,unisex,Spring-Summer,white,white,no
00975,11.44,Tops,hoodies,child,man,Spring-Summer,green,beige,no
00976,30.02,Legwear,jeans,adult,man,Spring-Summer,white,white,no
00977,31.1,Full Body,suits,adult,man,Fall-Winter,grey,blue,no
00978,46.21,Shoes,sandals,teen,woman,Spring-Summer,grey,grey,no
00979,15.21,Tops,blouses,child,woman,Spring-Summer,black,black,no
00980,29.48,Legwear,jeans,adult,man,Fall-Winter,grey,brown,no
00981,11.54,Tops,shirts,teen,man,Fall-Winter,orange,grey,no
00982,8.59,Tops,t-shirts,teen,man,Spring-Summer,black,grey,yes
00983,43.75,Shoes,boots,None,woman,Fall-Winter,white,grey,no
00984,35.21,Jackets,raincoat,child,woman,None,brown,green,no
00985,43.63,Shoes,heels,adult,woman,None,white,grey,no
00986,50.77,Shoes,boots,adult,man,Spring-Summer,black,pink,yes
00987,21.18,Jackets,windbreaker,teen,man,Fall-Winter,white,brown,no
00988,57.24,Shoes,boots,child,woman,Fall-Winter,white,black,yes
00989,36.92,Shoes,sneakers,teen,woman,Fall-Winter,red,white,no
00990,6.83,Tops,t-shirts,child,man,Spring-Summer,brown,brown,no
00991,18.85,Legwear,skirts,None,unisex,Spring-Summer,red,beige,yes
00992,23.61,Tops,sweaters,child,man,Spring-Summer,grey,beige,yes
00993,29.18,Shoes,sneakers,None,man,Fall-Winter,blue,brown,no
00994,19.87,Legwear,trousers,child,woman,Spring-Summer,black,white,yes
00995,14.38,Tops,blouses,teen,woman,Fall-Winter,grey,black,no
00996,10.89,Tops,blouses,adult,unisex,Fall-Winter,pink,white,no
00997,6.92,Tops,t-shirts,child,woman,Fall-Winter,grey,purple,no
00998,36.08,Shoes,sandals,teen,woman,Spring-Summer,red,black,yes
00999,23.4,Full Body,suits,child,man,Spring-Summer,white,pink,no
01000,38.31,Jackets,bomber,child,man,None,yellow,grey,yes
